<keymap version="1" name="macOS copy" parent="Mac OS X 10.5+">
  <action id="CloseAllEditors">
    <keyboard-shortcut first-keystroke="shift ctrl w" />
  </action>
  <action id="CloseAllEditorsButActive">
    <keyboard-shortcut first-keystroke="shift meta w" />
  </action>
  <action id="RenameElement">
    <keyboard-shortcut first-keystroke="shift f6" />
    <keyboard-shortcut first-keystroke="shift ctrl r" />
  </action>
  <action id="RunClass" />
  <action id="Tool.GotoRequestService">
    <keyboard-shortcut first-keystroke="ctrl back_slash" />
  </action>
</keymap>