<keymap version="1" name="shkstart" parent="Eclipse">
  <action id="$ChooseTranslatorAction" />
  <action id="$Copy">
    <keyboard-shortcut first-keystroke="ctrl c" />
    <keyboard-shortcut first-keystroke="meta c" />
  </action>
  <action id="$Cut">
    <keyboard-shortcut first-keystroke="ctrl x" />
    <keyboard-shortcut first-keystroke="shift delete" />
    <keyboard-shortcut first-keystroke="meta x" />
  </action>
  <action id="$Delete">
    <keyboard-shortcut first-keystroke="delete" />
    <keyboard-shortcut first-keystroke="ctrl d" />
  </action>
  <action id="$EditorTranslateAction">
    <keyboard-shortcut first-keystroke="alt a" />
  </action>
  <action id="$LRU">
    <keyboard-shortcut first-keystroke="shift meta r" />
  </action>
  <action id="$Paste">
    <keyboard-shortcut first-keystroke="ctrl v" />
    <keyboard-shortcut first-keystroke="meta v" />
  </action>
  <action id="$Redo">
    <keyboard-shortcut first-keystroke="ctrl y" />
    <keyboard-shortcut first-keystroke="shift meta z" />
  </action>
  <action id="$SearchWeb">
    <keyboard-shortcut first-keystroke="meta g" />
  </action>
  <action id="$SelectAll">
    <keyboard-shortcut first-keystroke="ctrl a" />
    <keyboard-shortcut first-keystroke="meta a" />
  </action>
  <action id="$ShowTranslationDialogAction" />
  <action id="$TranslateAndReplaceAction">
    <keyboard-shortcut first-keystroke="alt f" />
  </action>
  <action id="$Undo">
    <keyboard-shortcut first-keystroke="ctrl z" />
    <keyboard-shortcut first-keystroke="meta z" />
  </action>
  <action id="ActivateDatabaseToolWindow">
    <keyboard-shortcut first-keystroke="alt period" />
  </action>
  <action id="ActivateFindToolWindow" />
  <action id="ActivateRestServicesToolWindow">
    <keyboard-shortcut first-keystroke="alt p" />
  </action>
  <action id="ActivateServicesToolWindow">
    <keyboard-shortcut first-keystroke="shift alt 3" />
  </action>
  <action id="AddToFavorites">
    <keyboard-shortcut first-keystroke="ctrl alt f" />
  </action>
  <action id="AddToFavoritesPopup" />
  <action id="CallHierarchy">
    <keyboard-shortcut first-keystroke="shift ctrl h" />
  </action>
  <action id="CallHierarchy.BaseOnThisType" />
  <action id="ChangeSignature">
    <keyboard-shortcut first-keystroke="ctrl f4" />
  </action>
  <action id="ChangesView.ShelveSilently" />
  <action id="CheckinProject">
    <keyboard-shortcut first-keystroke="shift alt c" />
  </action>
  <action id="ClassNameCompletion">
    <keyboard-shortcut first-keystroke="alt slash" />
  </action>
  <action id="CloseActiveTab">
    <keyboard-shortcut first-keystroke="ctrl m" />
  </action>
  <action id="CloseAllEditors">
    <keyboard-shortcut first-keystroke="shift ctrl w" />
  </action>
  <action id="CloseAllEditorsButActive">
    <keyboard-shortcut first-keystroke="shift meta d" />
  </action>
  <action id="CloseContent">
    <keyboard-shortcut first-keystroke="ctrl w" />
  </action>
  <action id="CollapseAllRegions" />
  <action id="CompareTwoFiles" />
  <action id="CompileDirty">
    <keyboard-shortcut first-keystroke="ctrl f9" />
    <keyboard-shortcut first-keystroke="ctrl b" />
    <keyboard-shortcut first-keystroke="shift ctrl s" />
  </action>
  <action id="Console.Jpa.GenerateSql" />
  <action id="Console.Open">
    <keyboard-shortcut first-keystroke="shift ctrl f10" />
    <keyboard-shortcut first-keystroke="alt comma" />
  </action>
  <action id="ConsoleView.ClearAll">
    <keyboard-shortcut first-keystroke="alt d" />
  </action>
  <action id="CopyElement">
    <keyboard-shortcut first-keystroke="shift meta c" />
  </action>
  <action id="CopyPaths">
    <keyboard-shortcut first-keystroke="shift ctrl alt c" />
  </action>
  <action id="CopyReferencePopup">
    <keyboard-shortcut first-keystroke="shift ctrl c" />
  </action>
  <action id="CopyStoryContent">
    <keyboard-shortcut first-keystroke="ctrl c" />
    <keyboard-shortcut first-keystroke="meta c" />
  </action>
  <action id="DatabaseView.CopyDdlAction">
    <keyboard-shortcut first-keystroke="shift ctrl alt g" />
  </action>
  <action id="DatabaseView.Ddl.CommentOnObject">
    <keyboard-shortcut first-keystroke="shift alt d" />
  </action>
  <action id="DatabaseView.DropAction">
    <keyboard-shortcut first-keystroke="delete" />
    <keyboard-shortcut first-keystroke="ctrl d" />
  </action>
  <action id="DatabaseView.OpenDdlInConsole">
    <keyboard-shortcut first-keystroke="shift f3" />
  </action>
  <action id="Debug">
    <keyboard-shortcut first-keystroke="alt c" />
  </action>
  <action id="Diff.PrevChange">
    <keyboard-shortcut first-keystroke="ctrl alt right" />
    <keyboard-shortcut first-keystroke="ctrl page_up" />
  </action>
  <action id="EditBookmark">
    <keyboard-shortcut first-keystroke="shift alt m" />
  </action>
  <action id="EditCommitMessage">
    <keyboard-shortcut first-keystroke="shift alt d" />
  </action>
  <action id="EditSource">
    <keyboard-shortcut first-keystroke="f12" />
  </action>
  <action id="Editor Copy">
    <keyboard-shortcut first-keystroke="meta c" />
  </action>
  <action id="Editor Cut">
    <keyboard-shortcut first-keystroke="meta x" />
  </action>
  <action id="Editor Delete">
    <keyboard-shortcut first-keystroke="ctrl d" />
  </action>
  <action id="Editor EditorTranslateAction">
    <keyboard-shortcut first-keystroke="alt a" />
  </action>
  <action id="Editor LRU">
    <keyboard-shortcut first-keystroke="shift meta r" />
  </action>
  <action id="Editor Paste">
    <keyboard-shortcut first-keystroke="meta v" />
  </action>
  <action id="Editor Redo">
    <keyboard-shortcut first-keystroke="shift meta z" />
  </action>
  <action id="Editor SearchWeb">
    <keyboard-shortcut first-keystroke="meta g" />
  </action>
  <action id="Editor SelectAll">
    <keyboard-shortcut first-keystroke="meta a" />
  </action>
  <action id="Editor TranslateAndReplaceAction">
    <keyboard-shortcut first-keystroke="alt f" />
  </action>
  <action id="Editor Undo">
    <keyboard-shortcut first-keystroke="meta z" />
  </action>
  <action id="EditorChooseLookupItem">
    <keyboard-shortcut first-keystroke="space" />
    <keyboard-shortcut first-keystroke="enter" />
  </action>
  <action id="EditorChooseLookupItemCompleteStatement" />
  <action id="EditorChooseLookupItemReplace">
    <keyboard-shortcut first-keystroke="space" />
  </action>
  <action id="EditorCompleteStatement" />
  <action id="EditorDuplicate">
    <keyboard-shortcut first-keystroke="ctrl alt up" />
  </action>
  <action id="EditorDuplicateLines">
    <keyboard-shortcut first-keystroke="ctrl alt down" />
    <keyboard-shortcut first-keystroke="ctrl alt up" />
  </action>
  <action id="EditorMatchBrace" />
  <action id="EditorScrollToCenter" />
  <action id="EditorStartNewLineBefore">
    <keyboard-shortcut first-keystroke="shift ctrl enter" />
  </action>
  <action id="EditorTextEnd">
    <keyboard-shortcut first-keystroke="ctrl end" />
    <keyboard-shortcut first-keystroke="meta down" />
  </action>
  <action id="EditorTextStart">
    <keyboard-shortcut first-keystroke="ctrl home" />
    <keyboard-shortcut first-keystroke="meta up" />
  </action>
  <action id="EditorToggleCase">
    <keyboard-shortcut first-keystroke="shift ctrl y" />
  </action>
  <action id="ExpandAllRegions">
    <keyboard-shortcut first-keystroke="shift alt x" />
  </action>
  <action id="ExtractFunction">
    <keyboard-shortcut first-keystroke="shift ctrl m" />
  </action>
  <action id="ExtractMethod">
    <keyboard-shortcut first-keystroke="shift ctrl m" />
  </action>
  <action id="FileChooser.NewFolder">
    <keyboard-shortcut first-keystroke="alt insert" />
  </action>
  <action id="Find">
    <keyboard-shortcut first-keystroke="ctrl f" />
    <keyboard-shortcut first-keystroke="meta f" />
  </action>
  <action id="FindBugs.DefaultChangeListAction">
    <keyboard-shortcut first-keystroke="shift alt c" />
  </action>
  <action id="FindPrevious" />
  <action id="Generate">
    <keyboard-shortcut first-keystroke="shift alt s" />
  </action>
  <action id="Generate.Missing.Members.ES6" />
  <action id="Generate.Missing.Members.TypeScript" />
  <action id="Git.Commit.And.Push.Executor">
    <keyboard-shortcut first-keystroke="shift alt p" />
  </action>
  <action id="Git.Pull">
    <keyboard-shortcut first-keystroke="shift ctrl p" />
  </action>
  <action id="GotoNextError">
    <keyboard-shortcut first-keystroke="shift f2" />
  </action>
  <action id="GotoSuperMethod">
    <keyboard-shortcut first-keystroke="f10" />
  </action>
  <action id="HippieCompletion" />
  <action id="ImplementMethods" />
  <action id="InspectCode">
    <keyboard-shortcut first-keystroke="shift alt a" />
  </action>
  <action id="IntroduceField">
    <keyboard-shortcut first-keystroke="shift alt f" />
  </action>
  <action id="IntroduceVariable">
    <keyboard-shortcut first-keystroke="shift ctrl l" />
  </action>
  <action id="InvalidateCaches">
    <keyboard-shortcut first-keystroke="shift ctrl comma" />
  </action>
  <action id="Maven.Reimport">
    <keyboard-shortcut first-keystroke="alt f5" />
  </action>
  <action id="Maven.UpdateFolders">
    <keyboard-shortcut first-keystroke="ctrl f5" />
  </action>
  <action id="MethodHierarchy">
    <keyboard-shortcut first-keystroke="ctrl alt h" />
  </action>
  <action id="NewClass">
    <keyboard-shortcut first-keystroke="ctrl n" />
  </action>
  <action id="NewElement">
    <keyboard-shortcut first-keystroke="alt insert" />
    <keyboard-shortcut first-keystroke="shift alt s" />
  </action>
  <action id="NewElementInMenuGroup">
    <keyboard-shortcut first-keystroke="alt n" />
  </action>
  <action id="NewFile">
    <keyboard-shortcut first-keystroke="shift ctrl n" />
  </action>
  <action id="NextEditorTab">
    <keyboard-shortcut first-keystroke="shift ctrl alt left" />
    <keyboard-shortcut first-keystroke="shift ctrl minus" />
  </action>
  <action id="ParameterInfo">
    <keyboard-shortcut first-keystroke="ctrl alt slash" />
    <keyboard-shortcut first-keystroke="ctrl 1" />
  </action>
  <action id="PreviousEditorTab">
    <keyboard-shortcut first-keystroke="shift ctrl alt right" />
    <keyboard-shortcut first-keystroke="shift ctrl equals" />
  </action>
  <action id="PreviousTab">
    <keyboard-shortcut first-keystroke="ctrl alt right" />
    <keyboard-shortcut first-keystroke="ctrl page_up" />
  </action>
  <action id="QuickActionPopup" />
  <action id="Refresh">
    <keyboard-shortcut first-keystroke="f5" />
  </action>
  <action id="Replace">
    <keyboard-shortcut first-keystroke="ctrl r" />
  </action>
  <action id="RevealIn">
    <keyboard-shortcut first-keystroke="shift ctrl x" />
  </action>
  <action id="Run">
    <keyboard-shortcut first-keystroke="alt r" />
  </action>
  <action id="RunAnything">
    <keyboard-shortcut first-keystroke="ctrl semicolon" />
  </action>
  <action id="RunClass">
    <keyboard-shortcut first-keystroke="shift ctrl f10" />
    <keyboard-shortcut first-keystroke="alt x" />
  </action>
  <action id="RunTargetAction">
    <keyboard-shortcut first-keystroke="shift ctrl f10" />
    <keyboard-shortcut first-keystroke="alt x" />
  </action>
  <action id="RunToCursor">
    <keyboard-shortcut first-keystroke="meta r" />
  </action>
  <action id="ScrollTreeToCenter" />
  <action id="ShelveChanges.UnshelveWithDialog" />
  <action id="ShowIntentionActions">
    <keyboard-shortcut first-keystroke="alt enter" />
    <keyboard-shortcut first-keystroke="meta enter" />
  </action>
  <action id="ShowPopupMenu">
    <keyboard-shortcut first-keystroke="shift alt t" />
    <keyboard-shortcut first-keystroke="ctrl f10" />
  </action>
  <action id="ShowRegistry">
    <keyboard-shortcut first-keystroke="shift ctrl alt back_slash" />
  </action>
  <action id="ShowUmlDiagram">
    <keyboard-shortcut first-keystroke="shift ctrl u" />
  </action>
  <action id="SplitHorizontally">
    <keyboard-shortcut first-keystroke="alt h" />
  </action>
  <action id="SplitVertically">
    <keyboard-shortcut first-keystroke="alt j" />
  </action>
  <action id="Stop">
    <keyboard-shortcut first-keystroke="shift meta s" />
  </action>
  <action id="TailMyBatisLog0">
    <keyboard-shortcut first-keystroke="shift ctrl alt o" />
    <keyboard-shortcut first-keystroke="alt 8" />
  </action>
  <action id="Terminal.CopySelectedText">
    <keyboard-shortcut first-keystroke="ctrl c" />
    <keyboard-shortcut first-keystroke="ctrl insert" />
    <keyboard-shortcut first-keystroke="meta c" />
  </action>
  <action id="Terminal.Paste">
    <keyboard-shortcut first-keystroke="ctrl v" />
    <keyboard-shortcut first-keystroke="shift insert" />
    <keyboard-shortcut first-keystroke="meta v" />
  </action>
  <action id="Tool.GotoRequestService">
    <keyboard-shortcut first-keystroke="ctrl back_slash" />
  </action>
  <action id="Toolkit.RefreshServices">
    <keyboard-shortcut first-keystroke="f5" />
  </action>
  <action id="TypeHierarchy.Supertypes">
    <keyboard-shortcut first-keystroke="f11" />
  </action>
  <action id="Unwrap" />
  <action id="Vcs.Log.ShowAllAffected" />
  <action id="Vcs.ShowMessageHistory">
    <keyboard-shortcut first-keystroke="ctrl e" />
  </action>
  <action id="Vcs.UpdateProject">
    <keyboard-shortcut first-keystroke="shift alt u" />
  </action>
  <action id="VcsHistory.ShowAllAffected" />
  <action id="com.itcodebox.notebooks.action.EditorAddNoteAction" />
  <action id="context.save" />
  <action id="de.netnexus.CamelCasePlugin.ToggleCamelCase">
    <keyboard-shortcut first-keystroke="shift alt 1" />
  </action>
  <action id="editRunConfigurations">
    <keyboard-shortcut first-keystroke="shift alt k" />
  </action>
  <action id="hg4idea.QPushAction" />
  <action id="org.intellij.plugins.markdown.ui.actions.styling.ToggleStrikethroughAction" />
  <action id="sql.SelectInDatabaseView">
    <keyboard-shortcut first-keystroke="f4" />
  </action>
</keymap>