<application>
  <component name="CodotaSettings">
    <option name="methodCompletionsPercentageSet" value="true" />
    <option name="overrideDoubleCtrlOpenSearch" value="true" />
    <option name="id" value="d741d233-652c-4444-9d08-dfd451ae75ea" />
    <option name="wasRunBefore" value="true" />
    <option name="firstRun" value="1597367128660" />
    <option name="generation" value="116" />
    <option name="updateGeneration" value="1" />
    <option name="isInJSBeta" value="YES" />
    <option name="isMethodCompletionsPercentageActive" value="true" />
    <option name="isMethodCompletionsPercentageSet" value="true" />
    <option name="isOverrideDoubleCtrlOpenSearch" value="true" />
    <option name="featureFlags">
      <map>
        <entry key="deep-completions" value="true" />
      </map>
    </option>
    <option name="testedFeatureFlags">
      <set>
        <option value="deep-completions" />
      </set>
    </option>
    <option name="everTurnedOnFeatureFlags">
      <set>
        <option value="deep-completions" />
      </set>
    </option>
    <option name="usedLanguages">
      <set>
        <option value="java" />
        <option value="javascript" />
      </set>
    </option>
    <option name="lastTabnineRecommendationDisplayDate" value="1655878345319" />
  </component>
</application>