<application>
  <component name="LocalDatabaseDriverManager" version="201">
    <driver id="mysql.8" driver-class="com.mysql.jdbc.Driver">
      <artifact />
      <artifact id="MySQL ConnectorJ" name="MySQL ConnectorJ" use="true" version="8.0.25" />
    </driver>
    <driver id="mysql">
      <artifact />
      <library>
        <url>file://$APPLICATION_CONFIG_DIR$/jdbc-drivers/MySQL ConnectorJ/8.0.21/mysql-connector-java-5.1.47.jar</url>
      </library>
    </driver>
  </component>
</application>