<application>
  <component name="FileTypeManager" version="18">
    <extensionMap>
      <mapping pattern="installation-response.html" type="AUTO_DETECTED" />
      <mapping ext="space.kts" type="Kotlin" />
      <mapping ext="gradle.kts" type="Kotlin" />
      <mapping ext="main.kts" type="Kotlin" />
      <mapping ext="pem" type="PLAIN_TEXT" />
      <mapping ext="btl" type="PLAIN_TEXT" />
      <removed_mapping ext="apk" approved="true" type="ARCHIVE" />
      <removed_mapping ext="csv" approved="true" type="CSV file" />
      <removed_mapping ext="psd" approved="true" type="Image" />
    </extensionMap>
  </component>
</application>