<application>
  <component name="FindSettings">
    <option name="customScope" value="All Places" />
    <option name="defaultScopeName" value="All Places" />
    <option name="skipResultsWithOneUsage" value="true" />
    <option name="SKIP_RESULTS_WHEN_ONE_USAGE" value="true" />
    <option name="SEARCH_SCOPE" value="All Places" />
    <option name="FILE_MASK" value="*" />
    <mask>*. properties</mask>
    <mask>*.yml</mask>
    <mask>*.propertes</mask>
    <mask>*.</mask>
    <mask>*.css</mask>
    <mask>*.html</mask>
    <mask>*.properties</mask>
    <mask>*.jsp</mask>
    <mask>*.sql</mask>
    <mask>*.xml</mask>
    <mask>*.java</mask>
    <mask>*</mask>
  </component>
</application>