<application>
  <component name="PostfixTemplates">
    <template id="objequals@userDefined" key=".objequals" provider="builtin.java" language-level="1.3" topmost="false">
      <conditions>
        <condition id="non void" />
      </conditions>
      <template name="fakeKey" value="if (Objects.equals($EXPR$,$END$)) {&#10;   &#10;}" toReformat="true" toShortenFQNames="true" />
    </template>
    <template id="notblank@userDefined" key=".notblank" provider="builtin.java" language-level="1.3" topmost="false">
      <conditions>
        <condition id="non void" />
      </conditions>
      <template name="fakeKey" value=" if (StrUtil.isNotBlank($EXPR$)) {&#10;       $END$     &#10;    }&#10;" description="" toReformat="true" toShortenFQNames="true" />
    </template>
    <template id="objisnull@userDefined" key=".objisnull" provider="builtin.java" language-level="1.3" topmost="false">
      <conditions>
        <condition id="non void" />
      </conditions>
      <template name="fakeKey" value="if (Objects.isNull($EXPR$)) {&#10;   $END$&#10;}" description="" toReformat="true" toShortenFQNames="true" />
    </template>
    <template id="isempty@userDefined" key=".isempty" provider="builtin.java" language-level="1.3" topmost="false">
      <conditions>
        <condition id="non void" />
      </conditions>
      <template name="fakeKey" value=" if (CollectionUtils.isEmpty($EXPR$)) {&#10;       $END$     &#10;    }" description="" toReformat="true" toShortenFQNames="true" />
    </template>
    <template id="notempty@userDefined" key=".notempty" provider="builtin.java" language-level="1.3" topmost="false">
      <conditions>
        <condition id="non void" />
      </conditions>
      <template name="fakeKey" value=" if (CollectionUtils.isNotEmpty($EXPR$)) {&#10;       $END$     &#10;    }" description="" toReformat="true" toShortenFQNames="true" />
    </template>
    <template id="objnotnull@userDefined" key=".objnotnull" provider="builtin.java" language-level="1.3" topmost="false">
      <conditions />
      <template name="fakeKey" value="if (Objects.nonNull($EXPR$)) {&#10;   $END$&#10;}" description="" toReformat="true" toShortenFQNames="true" />
    </template>
    <template id="smtolist@userDefined" key=".sm" provider="builtin.java" language-level="1.3" topmost="false">
      <conditions>
        <condition id="non void" />
      </conditions>
      <template name="fakeKey" value="$EXPR$.stream().map($END$)" description="" toReformat="true" toShortenFQNames="true" />
    </template>
    <template id="col@userDefined" key=".notemptyspring" provider="builtin.java" language-level="1.3" topmost="true">
      <conditions>
        <condition id="non void" />
      </conditions>
      <template name="fakeKey" value=" if (!CollectionUtils.isEmpty($EXPR$)) {&#10;       $END$     &#10;    }" description="" toReformat="true" toShortenFQNames="true" />
    </template>
  </component>
  <component name="PostfixTemplatesSettings">
    <option name="providerToDisabledTemplates">
      <disabled-templates provider="builtin.java">
        <value>
          <set>
            <option value="smtolist@userDefined" />
          </set>
        </value>
      </disabled-templates>
    </option>
  </component>
</application>