<application>
  <component name="AppStorage">
    <option name="newTranslationDialogX" value="760" />
    <option name="newTranslationDialogY" value="473" />
    <option name="pinNewTranslationDialog" value="true" />
    <histories>
      <item value="postcode" />
      <item value="记录" />
      <item value="集运" />
      <item value="Cargo" />
      <item value="conso" />
      <item value="第二" />
      <item value="不存在" />
      <item value="存在" />
      <item value="Whether serialization of the property should always be done as basic XML text or not; if true, will be, if false, not." />
      <item value="Interface that is loosely similar to jakarta.xml.bind.annotation.XmlValue in that it can be used on one (and only one!) property of a POJO. It will result in value of the property be serialized without element wrapper, as long as there are no element-wrapped other properties (attribute-valued properties are acceptable). It is also somewhat similar to core Jackson @JsonValue annotation; but has to be separate as @JsonValue does not allow any other properties. Note that only one such property is allowed on a POJO: if multiple properties are annotated, behavior is not defined. Internally properties annotated will be considered to be properties with no name (that is, with marker &quot;&quot; (empty String))." />
      <item value="Property that indicates whether a value (which may be explicit null) is expected for property during deserialization or not. If expected, BeanDeserialized should indicate this as a validity problem (usually by throwing an exception, but this may be sent via problem handlers that can try to rectify the problem, for example, by supplying a default value). Note that as of 2.6, this property is only used for Creator Properties, to ensure existence of property value in JSON: for other properties (ones injected using a setter or mutable field), no validation is performed. Support for those cases may be added in future. State of this property is exposed via introspection, and its value is typically used by Schema generators, such as one for JSON Schema." />
      <item value="港前" />
      <item value="Annotation similar to {@code javax.xml.bind.annotation.XmlRootElement}, used to indicate name to use for root-level wrapping, if wrapping is enabled. Annotation itself does not indicate that wrapping should be used; but if it is, name used for serialization should be name specified here, and deserializer will expect the name as well." />
      <item value="Annotation that can be used to define name of root element used for the root-level object when serialized, which normally uses name of the type (class). It is similar to JAXB &lt;code&gt;XmlRootElement&lt;code&gt; and basically an alias for standard Jackson annotation {@link com.fasterxml.jackson.annotation.JsonRootName} (which you should usually use instead). &lt;p&gt; Note that annotation has no effect on non-root elements: regular property values and so on; their name is derived from gettersetterfield, not from type itself. &lt;p&gt; NOTE! Since 2.4 this annotation is usually not necessary and you should use {@link com.fasterxml.jackson.annotation.JsonRootName} instead. About the only expected usage may be to have different root name for XML content than other formats." />
      <item value="namespace name of the XML element. &lt;p&gt; If the value is &quot;default&quot;, then the XML namespace name is derived from the package of the class ( {@link XmlSchema} ). If the package is unnamed, then the XML namespace is the default empty namespace." />
      <item value="进度" />
      <item value="Prog" />
      <item value="下发" />
      <item value="shipper" />
      <item value="pay mark" />
      <item value="cheack" />
      <item value="Ω" />
      <item value="出货" />
      <item value="批次" />
      <item value="推送方式" />
      <item value="pseudo-UR Ls" />
      <item value="relative" />
      <item value="打印" />
      <item value="Immutable" />
      <item value="Pair" />
      <item value="trace" />
      <item value="Certificates" />
      <item value="货币单位" />
      <item value="constraints" />
      <item value="on Frame Sent" />
      <item value="on Sending Frame" />
      <item value="on Pong Frame" />
      <item value="Throw a MissingArgumentException if the current option didn't receive the number of arguments expected." />
      <item value="标记位" />
      <item value="平台类型" />
      <item value="间隔" />
      <item value="clearance" />
      <item value="清关" />
      <item value="Strict" />
      <item value="length" />
      <item value="package" />
      <item value="包裹" />
      <item value="FORCE MASTER" />
      <item value="airport" />
      <item value="unmodifiable" />
    </histories>
    <option name="languageScores">
      <map>
        <entry key="CHINESE" value="115" />
        <entry key="ENGLISH" value="116" />
        <entry key="POLISH" value="1" />
        <entry key="FRENCH" value="1" />
        <entry key="KURDISH" value="1" />
        <entry key="LATVIAN" value="1" />
        <entry key="ROMANIAN" value="1" />
        <entry key="SPANISH" value="4" />
        <entry key="GREEK" value="1" />
        <entry key="ITALIAN" value="2" />
      </map>
    </option>
  </component>
  <component name="Cache">
    <option name="lastTrimTime" value="1647327480456" />
  </component>
</application>